0.0,-1.0,0.0,0.0,0.0,0.0
0.00032258638326949175,-0.9985227078304634,-0.0017046710578884714,0.0002914003633646097,0.00017429416672216965,-6.402147501272456e-05
0.0009667657369790729,-0.9955683459589361,-0.005113543326663296,0.000873880175594433,0.0005223608143705976,-0.00019203820163794615
0.0019295886808267516,-0.9911319223418092,-0.010237799074391856,0.00175333694598719,0.0010426674606379266,-0.000383945540614483
0.003206152294604604,-0.9852033009942537,-0.017100046260538845,0.0029417271859334166,0.0017326707328875293,-0.0006395519824070892
0.004789600103114478,-0.9777673095551346,-0.0257339623154449,0.004456809672032005,0.002588813719038087,-0.0009585619766379751
0.006671120114598836,-0.9688038908245706,-0.03618378622041457,0.0063217765822792425,0.003606521045217417,-0.0013405502710779043
0.00883994153141127,-0.958288309227604,-0.04850362447139287,0.008564749208415566,0.0047801920341343,-0.0017849280917611053
0.01128333098081762,-0.946191427022121,-0.06275652426369323,0.011218106672335096,0.006103192430112075,-0.0022909016585506018
0.013986589501170786,-0.9324800686449319,-0.07901325574124883,0.014317608335157016,0.007567845397939895,-0.0028574237734950176
0.0169330521203953,-0.9171174945101844,-0.09735073543254838,0.017901264060355245,0.009165422845189716,-0.0034831395675766156
0.020104092733149604,-0.9000640072216477,-0.11785001678575407,0.022007902318418694,0.010886138612562282,-0.004166327969145394
0.023479138155344186,-0.8812777126156557,-0.14059377362545725,0.02667538600083357,0.012719145745965119,-0.004904841082344728
0.0270356967005572,-0.8607154540837526,-0.16566321190018568,0.03193843202784884,0.014652540905392804,-0.005696044438034489
0.03074940829059186,-0.8383339297720219,-0.19313436848958232,0.03782600610957917,0.01667337993227433,-0.006536761974437442
0.034594124761466005,-0.8140909870661769,-0.22307379735947677,0.04435829109104236,0.018767709570413953,-0.00742323054216508
0.0385420302639153,-0.7879470662740351,-0.2555337060239213,0.05154326810143283,0.02092062110091457,-0.00835106956260776
0.04256381190281601,-0.7598667358365147,-0.2905466888916044,0.0593730040597375,0.023116331885462034,-0.009315271975339797
0.04662888928959464,-0.7298202270503945,-0.32812030271023773,0.06781980310170083,0.02533830010703767,-0.010310222496738741
0.050705707779957976,-0.6977848423450989,-0.36823182911915703,0.07683244425745482,0.027569375939721887,-0.011329748166324809
0.05476209339885724,-0.6637460857909409,-0.4108236479910836,0.08633277894788424,0.029791988701411587,-0.01236720394287707
0.058765658009267516,-0.6276983577766079,-0.4557996749964147,0.0962129818759749,0.03198836431928589,-0.013415592700579668
0.06268423229078995,-0.589645076877014,-0.5030232717661012,0.10633372130534519,0.03414076126159243,-0.014467714672575445
0.06648629367620584,-0.5495981452419778,-0.5523169040403835,0.11652343146543817,0.03623170711596963,-0.015516336885464116
0.07014134926956862,-0.5075767553109992,-0.6034636122349846,0.1265787376405551,0.03824421374019525,-0.016554369395419353
0.07362023242773334,-0.4636056315775899,-0.6562101067174314,0.13626592722360986,0.04016194779786456,-0.01757503315682635
0.07689527738208046,-0.4177128910261001,-0.7102710628588672,0.145323213686068,0.0419693362839985,-0.018572004759026192
0.07994034834627967,-0.3699277692060553,-0.7653340260761836,0.1534634417929563,0.04365159305525265,-0.01953952605218101
0.08273071549668115,-0.320278482659474,-0.8210642825968775,0.16037685570652369,0.045194661079573026,-0.020472471164635464
0.08524278656198436,-0.26879048171415654,-0.8771091127822296,0.16573360019398795,0.04658507421383233,-0.02136636846304657
0.08745371636625195,-0.21548530121310114,-0.9331009938311206,0.169185732014041,0.047809750037427455,-0.02221737945793623
0.08934092573081467,-0.1603801576576218,-0.9886595123807844,0.1703686549953503,0.04885573056471947,-0.023022239684156592
0.09088156557765686,-0.10348838620726969,-1.0433919392175375,0.1689020291932548,0.04970989042721771,-0.023778167882522207
0.09205196323097034,-0.04482077121803527,-1.096892575457012,0.16439032073300314,0.05035863305462101,-0.024482749552689396
0.09282708786477596,0.015612196665559713,-1.1487410877664161,0.15642324444051242,0.05078759562231608,-0.025133799619795276
0.09318007291994146,0.07779710807872081,-1.1985001105681792,0.14457640509730454,0.05098138425244518,-0.025729207145855255
0.09308183680326625,0.14171343304401862,-1.2457124157025863,0.12841246879921453,0.0509233631128777,-0.026266763279986404
0.09250085027402138,0.2073282894138933,-1.2898979471062586,0.10748319748777627,0.05059552523096784,-0.02674397246125305
0.09140310974566812,0.2745901438195954,-1.3305509999074574,0.08133265878607701,0.04997847912487714,-0.027157846687367586
0.08975238932036098,0.34342142693951266,-1.3671377960124824,0.049501877677404126,0.04905159323680596,-0.02750468384582638
0.08751085826451852,0.413710089865214,-1.3990946735566039,0.01153512081218936,0.04779334825081999,-0.027779834076012574
0.08464016020455382,0.48530020565233645,-1.4258270639851462,-0.03301210935935912,0.04618195307241001,-0.02797746325776054
0.08110304803741379,0.5579818351838317,-1.446709374344149,-0.08456345308684854,0.04419627922623686,-0.028090330209113314
0.07686564350602988,0.631480531774726,-1.4610858185502702,-0.1435107397875483,0.041817154411363355,-0.028109603857448873
0.07190032905826431,0.7054470518726037,-1.468272143301549,-0.21020226853112972,0.039029021093619755,-0.02802475772916822
0.06618916925922386,0.7794480579165113,-1.4675580619283348,-0.28493121757842915,0.03582190284385743,-0.02782358995911307
0.05972759549676331,0.8529588165085481,-1.4582100269173688,-0.36792545860280246,0.0321935270197815,-0.02749242520551921
0.05252788800607078,0.9253590593681608,-1.4394737152578687,-0.4593404634683316,0.028151336833148244,-0.02701655745027579
0.04462180539664531,0.9959332047933169,-1.4105752416834023,-0.559257391442225,0.02371401856510358,-0.026380986955419728
0.036061635806788506,1.0638759267713123,-1.3707196345059003,-0.6676887518213284,0.01891212355915973,-0.025571488981234167
0.02691908729085641,1.1283035049525414,-1.3190845280906196,-0.7845941278918395,0.01378744423752435,-0.024576026667675912
0.017281875690614283,1.1882704592995956,-1.2548064513503236,-0.9099081711815765,0.008391053895649052,-0.023386490088901053
0.007248579337830435,1.2427898038694742,-1.1769567734901527,-1.0435822830942536,0.0027803261687029054,-0.02200072019654061
-0.0030768550096534515,1.2908542524167221,-1.0845048059244602,-1.1856399521554626,-0.0029842850037369757,-0.020424786899677937
-0.013588915181735316,1.3314556654851162,-0.9762678050585372,-1.336243285962921,-0.008841554464711052,-0.018675582846978667
-0.024180399674176616,1.3636023780207298,-0.8508542406934959,-1.4957636673142292,-0.014729633333023837,-0.016784042865099692
-0.03473694079261562,1.386341742688523,-0.7066245061937487,-1.6648387346697968,-0.020583258917639798,-0.014799813610629077
-0.045128618048044,1.3988152692363547,-0.541740193156502,-1.8443700139258377,-0.026329424138370514,-0.012799148754095328
-0.055215919384047796,1.4004224532291665,-0.35449169181001006,-2.0353443700652374,-0.0318910705723624,-0.010899393215217245
-0.06493744960860284,1.3912736033067117,-0.14435349449447282,-2.238207026523662,-0.037235753259752834,-0.009285229122502228
-0.07467277969525549,1.373239987105512,0.08546552715239789,-2.4513328099014453,-0.042574549086339605,-0.008248887226249857
-0.08613279901814393,1.351573409126402,0.32406574137016675,-2.6687003234092215,-0.048847153742446914,-0.0082167985140162
-0.10296369330629751,1.3349765542952783,0.5527201211658173,-2.879970488759727,-0.05804835729673775,-0.00965748937531384
-0.12825241628921658,1.3309776540698186,0.7558174572846597,-3.077020715676424,-0.07187323109907008,-0.012834051399431669
-0.16109114159179433,1.341834175449063,0.9297526136070199,-3.2586976896792663,-0.08985687323949446,-0.017735094347838178
-0.19810283960402697,1.3665655020040477,1.077569512652416,-3.4272872928404774,-0.11019437387716219,-0.024221381585128945
-0.23629734338941497,1.4036372614581794,1.2028774503093467,-3.5850390137540353,-0.13127881972056243,-0.03208817921154751
-0.27389370745389185,1.4517333076488208,1.3082469689247331,-3.733341376535827,-0.15214742428009476,-0.041096897787998035
-0.3100072159660538,1.5097212298061424,1.3953147854286503,-3.8728083817567986,-0.17231622980105238,-0.051008552574315344
-0.34420592016856677,1.576508915780626,1.4651161851966994,-4.003478605623468,-0.19154207673935922,-0.06159631976695523
-0.37622886301962816,1.650954469108977,1.5183432458877375,-4.124988223990014,-0.2096700506387367,-0.0726427031204158
-0.40586087861533265,1.7318387480473667,1.555521256386339,-4.236721116008907,-0.2265652177615455,-0.08393553077287076
-0.43290640438489136,1.817885823248864,1.5771268608153495,-4.337946269645536,-0.24209875743987314,-0.09527063009692593
-0.45721253776962684,1.9078148334858758,1.5836616606785388,-4.427941137663227,-0.2561620826359039,-0.10646185961606995
-0.47870379376897515,2.0004057581590264,1.57568860175073,-4.506092143902976,-0.2686883424629015,-0.11735432554963329
-0.49740364384310803,2.0945622723113257,1.5538382105181858,-4.57196350440976,-0.2796669455805075,-0.1278348869952511
-0.5134328798434441,2.189359245402229,1.5187934224659556,-4.625330904943138,-0.2891447860273171,-0.1378357233255147
-0.5269883357004137,2.2840693842411097,1.4712619884499616,-4.666183097030095,-0.297215595037756,-0.14733033644521176
-0.5383123673347251,2.3781698888170553,1.4119436532007414,-4.694698720474756,-0.3040031262753284,-0.15632440513266752
-0.5476630767548778,2.4713336910443515,1.3414967843906063,-4.711206903708663,-0.3096440005787926,-0.1648449244999584
-0.5552910476216805,2.563410840898828,1.260507224955171,-4.716139562207792,-0.3142737932713145,-0.17293033558115217
-0.5614240813837643,2.6544049309160207,1.1694612741283925,-4.70998206975071,-0.3180174929445442,-0.18062299396189155
-0.5662588139024889,2.744448034746856,1.0687247500300325,-4.693227800396035,-0.3209838771977423,-0.18796420312158882
-0.5699571356517886,2.833775866523345,0.9585310699183863,-4.66634131923156,-0.3232627057616249,-0.19499143249432568
-0.5726453793473091,2.922702681142123,0.838983781335751,-4.629735281804498,-0.3249235839149707,-0.20173717169163619
-0.5744147058355407,3.0115924449466593,0.7100842494891987,-4.583768301234658,-0.32601557725030905,-0.20822896474957325
-0.5753217444232297,3.1008183978099937,0.5718050306009546,-4.52877636018834,-0.3265670071132338,-0.21449038535218093
-0.5753893623140205,3.190696981659521,0.4242446602111517,-4.465159345949158,-0.32658535069729144,-0.2205429724047391
-0.5746087345054107,3.281376579980368,0.26791356567947977,-4.393552889658872,-0.3260579996156817,-0.22640933711831626
-0.5729459217592359,3.37266852907162,0.10418094022977309,-4.315103568974943,-0.3249559804995358,-0.23211745966860273
-0.5703579305982036,3.463857948443138,-0.06422406412328938,-4.23178090795084,-0.32324397725599496,-0.23770490247097573
-0.5668199210683106,3.553648127287261,-0.23307783491491443,-4.146463319707307,-0.32089795781673564,-0.24321894886077886
-0.5623510336963023,3.6404564565893422,-0.39748497414522566,-4.0624270428440505,-0.317922399443668,-0.24870785691262756
-0.5570142673722033,3.7230058477103354,-0.5534973022911647,-3.982333398126294,-0.3143508158826905,-0.25420615853944856
-0.5508865899452424,3.800731241654899,-0.6992162985801434,-3.907532960824975,-0.310226495937709,-0.25972667304277797
-0.5440276441247955,3.8737114852151646,-0.8345933998445751,-3.838184220968998,-0.3055817947668266,-0.26526496014632767
-0.5364672355939039,3.9423691343466376,-0.9605942209073264,-3.7737765246909105,-0.3004294970679309,-0.27080851359856767
-0.5282069248416112,4.007227484230559,-1.078518583793352,-3.7135609561045158,-0.2947634656258943,-0.27634338982754303
-0.5192256031552176,4.068789046291937,-1.1896537896331374,-3.6567742269893095,-0.2885620000032444,-0.281857287734845
-0.5094842333674372,4.127493177961981,-1.2951468179631278,-3.602724761595884,-0.28179070844436455,-0.2873405650310066
-0.49892879565726983,4.183709997817708,-1.3959783775752463,-3.5508136600279445,-0.27440422306866,-0.29278642570965474
-0.4874917262064286,4.237747527125553,-1.492975233472283,-3.5005305114111125,-0.26634692112421166,-0.29819089874721455
-0.4750922929049488,4.289862199541436,-1.5868331691028703,-3.451441715344723,-0.25755292836752613,-0.30355286728977376
-0.4616362504181154,4.340269140642279,-1.678140102653712,-3.4031782077293617,-0.2479456198681551,-0.30887425271530283
-0.4470150122134175,4.389151204948485,-1.7673960239013722,-3.355424956143525,-0.23743676880203582,-0.31416040448378135
-0.4311045219143075,4.436666733126579,-1.8550291364099356,-3.3079128447431922,-0.22592546164090552,-0.31942073628853995
-0.41376400609303904,4.48295631772033,-1.9414085004263786,-3.2604129747036827,-0.21329690422530836,-0.32466965606539355
-0.3948348503111352,4.528148942703962,-2.026853684948032,-3.2127332617016795,-0.1994212933707201,-0.32992785094836224
-0.37413997690681344,4.572367843003335,-2.1116419027687434,-3.164717221744399,-0.18415303800519967,-0.33522400189780177
-0.3514843506182906,4.61573635876984,-2.1960129988355193,-3.116244865988161,-0.16733081084019313,-0.3405970086615429
-0.3266576493535879,4.658383924888514,-2.28017256492032,-3.0672355884589786,-0.1487792403565212,-0.3460987890785437
-0.29944077709606853,4.700452091391198,-2.364293405302356,-3.017652737712189,-0.12831356905334168,-0.3517976475432716
-0.26961880520493225,4.7421000394777275,-2.448515623550973,-2.96750909486851,-0.1057493479333047,-0.3577820289388437
-0.23700401311888908,4.783508364688944,-2.5329458020295643,-2.9168715987271705,-0.08092014791364587,-0.36416409054232274
-0.2014734631706489,4.8248789605403495,-2.617656177479799,-2.8658623073645204,-0.05370697120273696,-0.37108180603002316
-0.16302461193093942,4.866427986366619,-2.7026854045590323,-2.8146510690346664,-0.02408246246215966,-0.3786971828058064
-0.12184716272981537,4.908369134215972,-2.788043256677135,-2.7634348588844317,0.007830995941734063,-0.38718687102958915
-0.07839665636109053,4.95088743478667,-2.8737217627082834,-2.7124015741399297,0.041700228524851723,-0.3967210744344232
-0.033436479420072225,4.994110760133959,-2.9597135839057658,-2.6616845394157105,0.07694345268358221,-0.4074295303019373
0.011996247953132241,5.038093987863753,-3.0460341033035907,-2.6113258235287744,0.112751843660374,-0.41936134428803495
0.05672465820974826,5.082830534498001,-3.1327387768663844,-2.561270879190604,0.14819145940022965,-0.4324555794762977
0.09963174250954662,5.128291071594513,-3.2199273010570844,-2.51140227249874,0.18236076697968265,-0.44654119908629397
0.1398408489619648,5.174469580075419,-3.3077340881408297,-2.461593367403534,0.21453723821531573,-0.4613705892513528
0.1768045275292625,5.221412523713754,-3.3963140334696913,-2.411749621711316,0.24425367084435157,-0.4766705771311048
0.21029204144020247,5.269221508271455,-3.4858340952961875,-2.361818154358761,0.2712938578681305,-0.4921878599161749
0.24031617935216348,5.3180367679833065,-3.5764746960629434,-2.311769139908266,0.2956381939371637,-0.507715550390216
0.26704645792450243,5.368014990429112,-3.668438160909652,-2.2615650760019297,0.31739642509880434,-0.5231009541048994
0.29073635535974235,5.419311598214237,-3.761959250981804,-2.2111326585840634,0.3367501042819229,-0.5382413876649801
0.3116724712052656,5.4720715443585455,-3.857314397696448,-2.1603445289114176,0.3539117139297537,-0.5530748715054948
0.3301430535724703,5.526428257584145,-3.954828716906516,-2.109011395772133,0.3690988953412815,-0.5675700127754212
0.34642038042990353,5.582508459470165,-4.054881632514385,-2.0568814275006058,0.3825196523185904,-0.5817170765043059
0.3607519935383302,5.640440443375796,-4.157912695595686,-2.003642924638515,0.39436465924409897,-0.5955208511635113
0.37335718313696703,5.700364108386928,-4.264429307962381,-1.9489268559439092,0.404803841632809,-0.6089952605365337
0.38442637309320166,5.762441930449387,-4.375017976381701,-1.892306808756529,0.41398535808773196,-0.622159431504677
0.394121929092715,5.826870827267691,-4.490360722074219,-1.8332946862726003,0.4220357914253657,-0.6350348735205449
0.40257945364133785,5.893895470900848,-4.61125849014816,-1.7713308745868293,0.42906077922840125,-0.6476434423279768
0.4099089334738176,5.96382406960834,-4.738663887874024,-1.7057676064741165,0.43514554754118595,-0.6600057908744407
0.4161952332819803,6.037048037683688,-4.873726281780157,-1.6358439788704597,0.44035490417034817,-0.6721400236959301
0.42149741109975636,6.1140672768039614,-5.0178529435169725,-1.5606507869062298,0.4447322168463312,-0.6840602420109897
0.4258461521441513,6.195522718198605,-5.172789626854124,-1.4790836895168264,0.4482967293082702,-0.69577455904198
0.42923822755231583,6.282236243741351,-5.340719657904155,-1.3897862319476408,0.45103820331326405,-0.7072819113880237
0.4316262191419475,6.375251663394694,-5.5243629048497604,-1.2910960220316914,0.45290725244681607,-0.7185664677338063
0.43290093235802785,6.475848697652714,-5.726996728348715,-1.1810458823329406,0.45379895165108264,-0.7295874623638505
0.432864215277812,6.585436545052589,-5.952143550712937,-1.0575855624325166,0.4535274939621237,-0.7402609373088742
0.43119739480777985,6.705068112617873,-6.202221789154574,-0.9194729185326505,0.4517963430963183,-0.750430511545554
0.4274637645678344,6.834082514409508,-6.474828508939049,-0.7686680810023324,0.4481985744131767,-0.7598393796522854
0.42124812030627845,6.967980231272354,-6.756949865123682,-0.6139807860621873,0.44234220895981613,-0.7681728917642181
0.4124317996652051,7.099015447098828,-7.0265422298879185,-0.4699027453697864,0.43410363121176676,-0.7752659031771203
0.4011547813329056,7.222244639117898,-7.2688515835059215,-0.3461522046761075,0.42360066414314457,-0.7812562650792484
0.38741511322207767,7.3379473689427765,-7.482954290691338,-0.24369259785196085,0.4108279060674638,-0.786391364259221
0.37091545502606976,7.44841452697204,-7.673162330277089,-0.160301289586003,0.3955114147614995,-0.7908432782033451
0.35110419409951715,7.555941565365844,-7.843635869197631,-0.09397944511845573,0.377143234768761,-0.794699338538144
0.3272111065119924,7.662443686050975,-7.997326237145611,-0.04360267664265118,0.35501288659153935,-0.7979986703664824
0.2982792649939557,7.769502507540656,-8.136092555436022,-0.008832107355758234,0.3282359256194858,-0.8007687976756078
0.2632616860328634,7.878437836056484,-8.260942343828036,0.010066709633038507,0.295842065260574,-0.8030688588710068
0.22129321046535103,7.990309053911316,-8.372206755857098,0.012406662801431673,0.2570247164893225,-0.8050517143644644
0.17227058958253122,8.105810368440508,-8.469659800623845,-0.0026889681573930117,0.2116752241583727,-0.8070423214784086
0.11771174785999992,8.225065729336716,-8.552659347895233,-0.03593565818032016,0.16117678744739314,-0.8095797450592455
0.061288218576907194,8.347460082117468,-8.620424343883485,-0.08744812172941943,0.108901267706498,-0.8133015904181369
0.007942146573683223,8.471766317250932,-8.672448857595333,-0.15647459857265755,0.05940328518229677,-0.8186241124515524
-0.03828753062376721,8.596578352624004,-8.70877485127648,-0.2415759305033658,0.016418864265104548,-0.8254858138672362
-0.07568655581377778,8.72064979552233,-8.729890920472489,-0.3410619438580771,-0.018451304535900825,-0.833456065049161
-0.10451510721886487,8.842921367796116,-8.736454952850373,-0.45327988274487224,-0.0454274174239376,-0.842033374149761
-0.12596389739454067,8.962405554330013,-8.729111111032893,-0.5766691146725953,-0.06559240903266644,-0.8508234107519531
-0.1414112642077687,9.078093177610372,-8.70843581295217,-0.7097132967003055,-0.0802074194106131,-0.8595660150824382
-0.15210888817078083,9.188914872355989,-8.67494728366195,-0.8508845288465793,-0.09042105970116728,-0.868105832111136
-0.15911151516096678,9.293742748522272,-8.629132509975479,-0.9986099515866846,-0.09720365692478522,-0.8763622648000351
-0.16330099270775292,9.391419544982908,-8.571471593678474,-1.1512694954771583,-0.1013687754779313,-0.8843106821922346
-0.16543039703925622,9.480809010847366,-8.502450912020201,-1.307229154625536,-0.1036134602309604,-0.8919710593827623
-0.16615694525041452,9.560861156069487,-8.422561218127694,-1.4649088168489366,-0.10454812472329464,-0.899398451207066
-0.16605250897528956,9.63068170338552,-8.332280144024534,-1.622874756175246,-0.10470561157205219,-0.9066720774225715
-0.16559318275641904,9.68959108154304,-8.232041105402486,-1.7799387846165542,-0.10453074186640034,-0.9138828038429139
-0.16513987357646226,9.737158073726938,-8.122191462185983,-1.9352438193553076,-0.10436154003078384,-0.9211210049624662
-0.16492655994281205,9.773198017665775,-8.002942133496667,-2.0883209065574233,-0.10441773955193887,-0.9284673854160338
-0.1650672414272283,9.797734017938808,-7.874310017944996,-2.2391130159320456,-0.10480691712804308,-0.9359883654733796
-0.16558036684144092,9.810928572501558,-7.7360540148141075,-2.3879717065946195,-0.10554712971544118,-0.9437360610758885
-0.16642045878265685,9.81299834667907,-7.587604340375566,-2.5356401987166115,-0.106596405213614,-0.9517518131485345
-0.1675059973102002,9.804124905598908,-7.427983345047199,-2.6832382799176364,-0.10787880431951613,-0.9600720750057
-0.16873734558115977,9.784371511293728,-7.255717649455285,-2.832259843424161,-0.10930118655471793,-0.9687360191786973
-0.17000306049338637,9.753616830354307,-7.068755407027302,-2.9845798897061995,-0.11075908421161049,-0.9777950755995755
-0.17117460017759548,9.711531843676571,-6.864452883523017,-3.1424321063956615,-0.11213164065929788,-0.9873254091864712
-0.17208869783942737,9.657680534408604,-6.639843941513423,-3.308223082938012,-0.11326483868435477,-0.9974442546220098
-0.1725171690061485,9.591962114604387,-6.392775383278019,-3.4838215492967337,-0.11394264834156334,-1.0083265894284985
-0.17213834317367796,9.515800461341458,-6.1250045091776,-3.668655640231717,-0.11385926330917155,-1.0201992229952108
-0.1705769092909706,9.4340084554698,-5.847111049386002,-3.8567597916761756,-0.11265553387450619,-1.03324910600631
-0.16759984354001198,9.354508885347977,-5.577795982772019,-4.037400703613854,-0.11010380185808627,-1.0474284110897472
-0.16327132454450566,9.283208132520313,-5.330505127735641,-4.203366200549574,-0.10625657621314949,-1.0624210918339527
-0.15777838299883945,9.221204639189002,-5.106393782046844,-4.354948979525335,-0.10128384435522415,-1.077893715901311
-0.1512422821747957,9.167343037948408,-4.901133339809085,-4.495546591305231,-0.09529440119741811,-1.0936346427859716
-0.14370142321020452,9.120261569320464,-4.710109699078469,-4.628538512033795,-0.0883188403021952,-1.1095256866096455
-0.1351449398381824,9.078918635847213,-4.529631963338972,-4.756650359244995,-0.08034099495651024,-1.1254974745858581
-0.12554269411748503,9.042610873053343,-4.356876940612221,-4.882054186500009,-0.07132640966686647,-1.1415039370582343
-0.1148707478205496,9.010901528496555,-4.18964886264846,-5.0065511304848185,-0.06124689954071456,-1.1575089347718701
-0.1031379229491816,8.983549126579009,-4.026179610765263,-5.131708068512928,-0.050106551545880264,-1.1734782009846425
-0.09041623743641937,8.960441527725159,-3.864992414306378,-5.2589339838007545,-0.03797185449024605,-1.189373072001992
-0.07687285665849397,8.941520024594213,-3.704820067089611,-5.389491298623788,-0.025003639351433873,-1.2051443105955173
-0.06279324991265059,8.926670326767068,-3.544571411652982,-5.524425772878979,-0.011480645043148207,-1.2207255708277809
-0.04857568019442237,8.915555668050834,-3.3833457653488717,-5.664389632962216,0.0022050519776535306,-1.23602770969407
-0.03467347540137501,8.907386012306757,-3.2204909908798767,-5.8093530076124695,0.015604384551094412,-1.2509378353528295
-0.02147816361459215,8.90068424855483,-3.055672412010589,-5.958291485176536,0.028326816361889384,-1.265329792801003
-0.00918106508267941,8.893223254119444,-2.888867720627408,-6.109103616141013,0.04017825984496944,-1.279091166760293
0.002306597037945793,8.882337433560489,-2.7201926850885836,-6.259063144439346,0.05124189183870978,-1.2921596688170363
0.013319778393550787,8.865561906460885,-2.5495864737600606,-6.4057520081678945,0.06184614834545928,-1.3045455077488146
0.024330731856047637,8.841188913224904,-2.376545575326936,-6.5478930256945445,0.07245753229848047,-1.3163209063996753
0.03585574307267229,8.808381628538417,-2.200045533240433,-6.685574585058531,0.08358803872563014,-1.3275864266512643
0.048424016095823814,8.766907502501121,-2.018593395342604,-6.8199624563781915,0.09576391493551921,-1.3384392630633457
0.06259941883305195,8.716768066362535,-1.8302771620649476,-6.952896518365252,0.10954698642638684,-1.3489566770197325
0.07903523827883221,8.657896935261185,-1.632731563339794,-7.086626928658318,0.12558900676003626,-1.359192366016801
0.09855677716432429,8.58994590042334,-1.4229913891169594,-7.223744942927881,0.14471393616196732,-1.3691792061689916
0.12228328499796035,8.512111050378254,-1.197210096673041,-7.3672871134012645,0.16803961605277645,-1.3789340481732757
0.1518155768451945,8.422941401757981,-0.9502041437389732,-7.5209965314868334,0.1971651490174756,-1.388463444774947
0.18952577005035365,8.320093310235608,-0.6747945778252138,-7.689731729155163,0.2344603927023263,-1.397772408717616
0.23894582636049413,8.200110100865146,-0.36116863244687125,-7.8798731123055346,0.28345435352059256,-1.4068842570027302
0.3048814861988926,8.058935974075865,0.0019711901601441317,-8.098642178485012,0.3489497467339757,-1.4158954627412192
0.39092382687678484,7.896565264926367,0.4160128511433789,-8.347196056469548,0.43453893633680435,-1.4251136342202584
0.4882855771873496,7.731691203809802,0.8365285714330588,-8.599089271086454,0.5314533116962048,-1.435150645619676
0.573013791473192,7.5948947877073065,1.1915732311267484,-8.812330888150143,0.6157711696020722,-1.4461353885568309
0.6389902716403184,7.486015079206709,1.4843913894634606,-8.990326504446854,0.6813765145167415,-1.4573950627586445
0.6912960686463492,7.395985552229499,1.7380826849409905,-9.147456712248687,0.733338330950931,-1.4685707472624205
0.7341924137974583,7.319468076930586,1.9664653066312336,-9.292367311324627,0.7759085027922895,-1.4795701898843445
0.7704374754059081,7.253602872535917,2.17759173035817,-9.430326616272213,0.8118391509388885,-1.4903888902470364
0.8018421528177304,7.196835892860824,2.376604812943367,-9.564951817702937,0.8429372232177352,-1.5010510130474206
0.8296696159304995,7.14830850535572,2.5670794478711096,-9.698956995224288,0.8704631940010481,-1.5115909784815118
0.8548777350476228,7.107469891537154,2.751644950526359,-9.834395653877502,0.895372967198417,-1.5220460328216567
0.8782653375728826,7.073729461218918,2.932247201960599,-9.972582618882187,0.9184637481330321,-1.532449503201919
0.9005418329002162,7.046093056285026,3.110214981978348,-10.113809584778362,0.9404433134643191,-1.5428204135044545
0.9223029051366214,7.022882353656706,3.2862712082414287,-10.257096971345788,0.9619053711704715,-1.553150482190468
0.94390328152598,7.001782703510023,3.460660063333325,-10.400390873686078,0.9832021887622814,-1.5633980771819815
0.9653113233583626,6.980344287886211,3.633469659639555,-10.54139235841894,1.0042995145917308,-1.5735018366629152
0.9861175410352756,6.956616444153101,3.8049894803478086,-10.678530392312897,1.0247858826789003,-1.5834103944375797
1.0057527632465992,6.929429585095978,3.9758757648557763,-10.811381973590526,1.0440914821449725,-1.593104458286089
1.0237490186248357,6.898254117298644,4.147116651664056,-10.94048022111268,1.061749111932204,-1.6025961676579472
1.0398672034509655,6.8629072456436075,4.319939378937498,-11.066926257608579,1.0775213766939105,-1.6119144566111683
1.0540812795267422,6.823312888057184,4.495756964595465,-11.192100394119155,1.0913843152211318,-1.62109095891876
1.0665011409232983,6.7793546105552,4.6761746817754215,-11.31752742714553,1.1034498946283977,-1.6301522126492873
1.0772977642753714,6.73079129869616,4.863047476138572,-11.444855239893961,1.11389102747434,-1.6391169939253898
1.086651565792119,6.677202103793674,5.058578606662086,-11.575903841711213,1.1228899750593746,-1.6479960976559391
1.0947212728707583,6.617941765293828,5.265450021945454,-11.71275765567468,1.1306074002995123,-1.6567926366135415
1.1016238607485231,6.552107382526329,5.486954110906508,-11.85787377415987,1.1371626371059584,-1.665501746592593
1.1074157881890194,6.478559003130083,5.727006864390204,-12.014131873672769,1.142615509649396,-1.674108933640155
1.1120670144514864,6.396151446010717,5.989628534152908,-12.18457375444935,1.1469413752646664,-1.682586447704947
1.1154273547267928,6.3046233268236005,6.27671299939138,-12.371098751090724,1.1499990533742308,-1.6908884591655053
1.1172290734355945,6.20687867301166,6.582121440393323,-12.570844582854221,1.1515343683799728,-1.6989536592978471
1.1172704725681775,6.111480007758748,6.885211921163151,-12.772041212992745,1.1513589442037155,-1.7067410396881981
1.1157493540125887,6.028512294981943,7.161875985052106,-12.960573431294671,1.149671372472675,-1.714290702867619
1.113144834053033,5.961434913358705,7.405715314001393,-13.133092690756762,1.146939274653372,-1.7216966417692037
1.109834694966796,5.908966640462457,7.622544573656332,-13.293794206781373,1.1435294163774457,-1.7290281242799712
1.1060500409445972,5.86936125489471,7.8191873697347205,-13.447566498512625,1.1396657519686717,-1.7363169218582968
1.1019569929015347,5.84152672856633,8.000752883236462,-13.59832616642895,1.1355091958865176,-1.7435695839093353
1.097715425105275,5.825003228441111,8.170814585965315,-13.749129381215685,1.1312145527814221,-1.7507747293979083
1.0935143832575884,5.819793823092523,8.331881153115962,-13.902449323356434,1.1269646963760347,-1.7579055870069205
1.0895930056877743,5.826212079079471,8.485739747886113,-14.060352603426226,1.1229906423467704,-1.7649213723578177
1.086244584881119,5.844740739099496,8.633673347363418,-14.224564119471125,1.1195752627491509,-1.7717710016786794
1.0837930632417159,5.8758744943492704,8.77659661107721,-14.396434957014861,1.117030332263775,-1.778402916187123
1.082531893197518,5.919926853644497,8.915144958256551,-14.5768274137112,1.1156372543313033,-1.7847836232007166
1.0826335011680988,5.9768019402380315,9.049741028646613,-14.765944112983586,1.1155595437246413,-1.7909222702147516
1.0840704655621338,6.045767537901711,9.180657820868213,-14.963161726382983,1.1167668741873242,-1.7968897455217443
1.086604351356464,6.125304966111045,9.308096915552321,-15.166969579087183,1.1190247273935827,-1.802816756572145
1.089860818510946,6.213123055837017,9.432293681553737,-15.3751150187627,1.1219675260612385,-1.8088654656200813
1.0934473194806875,6.306373800480252,9.553636783702146,-15.584974119863444,1.1252129188661864,-1.815187585562257
1.0970497904119658,6.402005403620933,9.672757299102026,-15.794024412787822,1.1284556281617537,-1.8218898186163648
1.1004784049082532,6.497111541928117,9.79054183953511,-16.00022024377877,1.131511771226757,-1.829018598813726
1.1036710111134524,6.589158928611713,9.908067618506779,-16.202149155627318,1.1343218828603692,-1.8365621373192398
1.1066739569434614,6.676070290510932,10.026502458298538,-16.3989973204708,1.1369317364892462,-1.8444613771493334
1.1096110890960489,6.756212064002365,10.147018210022567,-16.590430811388163,1.1394616025025648,-1.8526238468188538
1.112642680200709,6.828344868240995,10.270741815423603,-16.776479889040388,1.1420659717716617,-1.8609390262967467
1.1159181777204696,6.891568778022918,10.398745195236076,-16.95746083768534,1.144887834568058,-1.8692950346095902
1.1195363451828946,6.94526994906735,10.53206667573911,-17.133934681334274,1.1480207026206448,-1.8775938950886863
1.123528776398657,6.989063301852451,10.671757709837708,-17.306691169997166,1.1514934875268743,-1.8857607098954663
1.127870145453041,7.022726162542125,10.81895098507291,-17.476748774471975,1.1552809934147938,-1.8937444185145358
1.1325030379628995,7.046122978433388,10.974947649235542,-17.64536797196257,1.1593280422720231,-1.901512283009632
1.1373617902986461,7.059124656925135,11.141324395847485,-17.8140814850674,1.1635723120120345,-1.9090422608382909
1.1423869146274968,7.06152581917067,11.32006518763891,-17.984749254315204,1.1679580326957204,-1.9163162208837632
1.1475289942629832,7.052962582414054,11.513722393443567,-18.159645928830432,1.1724397193211733,-1.9233149540140615
1.1527429722425815,7.03283966752507,11.725594493535874,-18.341578281171607,1.1769770817648182,-1.9300149485624347
1.15797052645221,7.000306487412226,11.959828839470756,-18.533983692290878,1.1815193232557533,-1.9363874359182196
1.163099637709271,6.9544310756134005,12.221077132705927,-18.740790546873317,1.1859693127380961,-1.942403097606362
1.167876328887344,6.895043191572462,12.512484525965089,-18.96529141991165,1.190105437485654,-1.9480540198929654
1.1717525500079535,6.825273393380395,12.829296613010541,-19.2062943608534,1.1934465058341632,-1.9534182537025453
1.1738485020350877,6.755439001889297,13.148890516394923,-19.45183642987956,1.1952165543660538,-1.9587588209116482
1.17352899868457,6.699782293156499,13.439295945018365,-19.684000218552104,1.1948526152742467,-1.964449714110574
1.1709420337114593,6.664546743380465,13.689444627487136,-19.897354966892337,1.1924824990299516,-1.9706858457793357
1.1664535303718464,6.6488861774863235,13.905548349745366,-20.09679955617807,1.1884269926100657,-1.977499272710986
1.1602541195377374,6.650984594749729,14.09524718369935,-20.28790076821612,1.1828521881565377,-1.984906529166827
1.1523679207563389,6.669645417861775,14.26387256760015,-20.4746373523679,1.1757768726182938,-1.9929520508204224
1.1426955537237922,6.704210633807995,14.414769219178766,-20.659577389503557,1.1671103349722252,-2.0017162495634038
1.1310208960529422,6.754286035633914,14.549925852057285,-20.844205987306914,1.1566582534465133,-2.011324018144227
1.1169873927381981,6.819506306674393,14.670418013744584,-21.029121952326264,1.144101836539073,-2.021959013805679
1.1000537583312668,6.899358734428873,14.776697383678588,-21.21414928462264,1.128959070549048,-2.0338822657567097
1.0794374511442495,6.993070544430617,14.86879174310338,-21.398429770564498,1.1105357212850873,-2.0474521332288322
1.054052613529795,7.099570508166838,14.94645229471359,-21.58054125760016,1.0878722993621406,-2.0631427316896
1.0224533882771283,7.217528701454618,15.009258625256695,-21.758651653780362,1.0596969750619651,-2.0815558879134732
0.9828209378068369,7.345453140023913,15.056674151373691,-21.93067581550011,1.0244187332461363,-2.1034093103610596
0.9331152362995158,7.481780098036345,15.088044374109362,-22.094363785397803,0.9802679754367073,-2.1294475615170074
0.871690185731807,7.6248403275946695,15.102561461023537,-22.24723534113692,0.9258466296727768,-2.160150667022731
0.7988528204467241,7.772550047685585,15.099299580940228,-22.386336914240747,0.8615033144572446,-2.195062538104779
0.7192692565198616,7.921869974298325,15.077519393831002,-22.50807762521385,0.7914251320461246,-2.231870338999881
0.6424562230262376,8.068807733981478,15.037288541033764,-22.608894280425176,0.72400001857054,-2.2664968534483507
0.5777122438763793,8.20982267092849,14.979862447348763,-22.686897813673795,0.6673131139955807,-2.2954924083342614
0.5284145890563158,8.343184134604172,14.907203687183658,-22.74253225499217,0.6242029591931871,-2.318147697151189
0.49282969773496216,8.468695708601592,14.821172329025478,-22.777469306764445,0.5930638987191393,-2.335650839598164
0.46767215586463295,8.586863208135295,14.723207225654681,-22.793569905541702,0.5709832718218308,-2.34949726587248
0.4500050457397324,8.69844547649255,14.614391758299545,-22.792578125235657,0.5553845105876142,-2.3608510893329235
0.4376511400905615,8.804311690556274,14.495554017143636,-22.776104354165703,0.5443684939092845,-2.370505848656269
0.42909260084554324,8.905399348704478,14.36729705093327,-22.74561697315973,0.5366164478472123,-2.378986474085036
0.4232915019217216,9.002691560147042,14.229978130480855,-22.702396144574845,0.5312291210995245,-2.386642723159804
0.4195425943029036,9.097200160792202,14.083667149347994,-22.64747143980044,0.5275966595810538,-2.393712691745923
0.41737025013713924,9.189958680106509,13.928099641433306,-22.58156390809583,0.5253081043425616,-2.4003632077311203
0.4164605415577418,9.282028469417739,13.762628205345994,-22.505039593883733,0.5240919279673394,-2.4067155766288852
0.4166186764218303,9.37451636837571,13.586173887459163,-22.41787390487877,0.5237787473546983,-2.4128626287581887
0.41774499640459445,9.468595035636264,13.397191172968608,-22.319630754177783,0.524280094665202,-2.4188809273252176
0.4198255381352655,9.565501209324676,13.193701884422985,-22.20948584028186,0.5255796034958923,-2.4248407657758873
0.42293437026584574,9.666445965936006,12.973565746631122,-22.08639473652112,0.527734038538687,-2.4308157708867286
0.42724130016370804,9.772276665129336,12.735411002556338,-21.94967038145917,0.530878609515931,-2.4368922200250163
0.433001297869202,9.882609922358228,12.480972647782039,-21.800451099737675,0.5352168236184901,-2.4431715248007713
0.4404685987716251,9.994459941233954,12.21876287082046,-21.64405356322085,0.5409481537127653,-2.4497418089071674
0.44971742500612705,10.102175859125737,11.96419225577052,-21.49018242747594,0.5481204636350012,-2.456592583276241
0.4605901008626767,10.20100803220986,11.72997960489798,-21.347001080125015,0.5565902766358826,-2.463551742916199
0.4729149871914621,10.289964100679168,11.518607120397316,-21.21628709690095,0.5662040107711853,-2.470369898605064
0.48665752688555314,10.370259120953875,11.326591119328958,-21.09598706233498,0.5769206977692063,-2.4768240253485803
0.5019054223098594,10.443418740569564,11.149580118482675,-20.983403699559506,0.5887978210358344,-2.4827289453818864
0.5188298941637509,10.510674860441215,10.983960822964741,-20.876231418622037,0.601958177281474,-2.487913458705343
0.537668147775833,10.57292128809873,10.826971584752389,-20.77265077599346,0.6165743935151715,-2.4921984818249956
0.5587215607817392,10.63078695782096,10.67651117608795,-20.67122459052319,0.6328662336800109,-2.495380165845792
0.5823626109296247,10.684712309510067,10.530950534337151,-20.570793965196348,0.6511047943321989,-2.497214797443177
0.6090469805105071,10.735012711223371,10.388995988991823,-20.47040986412803,0.671620574581072,-2.4974029827814213
0.6393283787504598,10.781934321693061,10.249599017953301,-20.36930230920232,0.6948133812039773,-2.49557180774945
0.6738720380279963,10.825710995215363,10.111902068251283,-20.266885994141376,0.7211608944994238,-2.4912552371025933
0.7134570317383019,10.866629039876504,9.975212972372402,-20.162801556129136,0.7512184057751923,-2.4838763994143274
0.758943169116446,10.905099422767123,9.839002490267905,-20.056985481133133,0.7855915764050033,-2.472743712028958
0.8111478048308742,10.941717993264072,9.702916706339996,-19.949738037494768,0.8248417258342016,-2.4570917341369456
0.8705308584442863,10.977257715946191,9.566785606424077,-19.841709407970978,0.8692492239972325,-2.4362318514116796
0.9365803791374935,11.012505847357021,9.430594725480452,-19.73367940985585,0.9183588335486227,-2.409903486930234
1.0070419709118124,11.047942224252072,9.294393610290156,-19.626110127382834,0.970420819579777,-2.378810032695613
1.0777995010295414,11.08355595449758,9.158183327616198,-19.518850500471732,1.0223305610371942,-2.3449261292882855
1.1442909600686975,11.11919748274249,9.021898938353342,-19.4115393240477,1.0707049422325416,-2.3109280797301923
1.2035051628974085,11.15514444129993,8.885488540265023,-19.30432980058248,1.1133599786438804,-2.279011665494002
1.2545913213801034,11.192155613504966,8.748920016234006,-19.197956343108658,1.149735113467596,-2.250260461085385
1.2981068123328754,11.231098966458925,8.612082548744546,-19.09321841107581,1.1803109457852252,-2.2248565936183917
1.335131421790694,11.272659036814552,8.474705037048228,-18.990570418930282,1.2059423309023658,-2.202532795528892
1.3667778437036318,11.317273474574824,8.33633991056856,-18.890030753638158,1.2274947323740721,-2.182879764642344
1.3940145759081821,11.365196822592722,8.19637983289106,-18.79126372252071,1.2457155115276566,-2.16548721830732
1.4176336854766283,11.416591236669445,8.054072756109182,-18.693689814967485,1.2612129742735558,-2.1499926916856382
1.4382683745797455,11.471602945704152,7.908520668813806,-18.59656480951811,1.274471802464192,-2.1360912614977456
1.4564214804471443,11.530418530134089,7.758658939606008,-18.499018165307124,1.285875975029223,-2.1235315299119946
1.4724918267900649,11.593307082706959,7.603216443844181,-18.400057307036136,1.2957296203546356,-2.1121081438368035
1.4867949387899961,11.660655603763148,7.44065717963965,-18.298546322866475,1.3042733840405767,-2.1016547162017636
1.4995775416916741,11.733002171190464,7.269106662221611,-18.1931672813229,1.3116960452355508,-2.0920386785762153
1.5110255515389708,11.811064955939987,7.086278199938649,-18.082377590755463,1.3181413408314082,-2.0831590755973166
1.521264337407066,11.895749280751197,6.889452775509948,-17.964399288648337,1.323709324003062,-2.074948793164671
1.5303484343948524,11.988073370612819,6.6756757462528515,-17.83734317458749,1.3284504974450375,-2.067383931013193
1.5382375016228493,12.088855953950674,6.442595929485683,-17.699732761821693,1.3323506787457267,-2.0605039024473952
1.5447656901613225,12.19786884514414,6.190753618949001,-17.5519275577363,1.335311377609231,-2.054439786544789
1.5496574608867741,12.312392635044061,5.927499084489933,-17.39855156543968,1.3371607393544913,-2.049415637955751
1.5526958290033381,12.426861071775749,5.668013501934243,-17.249108716137435,1.3377650288479006,-2.045638643572517
1.553947855752055,12.536226646975559,5.426328170421506,-17.112410921071515,1.337177657486493,-2.043122248406852
1.5536798926677122,12.639204615448874,5.206641162225333,-16.991251333726197,1.335583069409181,-2.0417178878767825
1.5521091520525012,12.737026192574692,5.006638778508807,-16.88450214518932,1.333132865127662,-2.0412907764707344
1.5493188464808305,12.831474169699215,4.82273081765097,-16.790348656019983,1.3298905222038377,-2.0417927803727394
1.5452701291898374,12.924186786611177,4.6519175630368155,-16.707435201307288,1.3258403391639118,-2.0432615513808603
1.539815958889113,13.016575458757092,4.492033910410478,-16.635017525581823,1.3208978687184416,-2.0458140433144236
1.5326964255671318,13.109884807127711,4.34161653440128,-16.572886847567535,1.314908511451134,-2.049651860480049
1.5235142837238955,13.20526040352568,4.199741662174014,-16.521274084684485,1.3076337746879039,-2.0550806863625035
1.5116885373982205,13.303797254595459,4.065893991150557,-16.480765932098777,1.2987242720067635,-2.0625459453034423
1.4963798920831288,13.406566858584219,3.939861510552708,-16.45222426199234,1.2876761465785733,-2.0726894644889233
1.476377619867463,13.514626570321383,3.821640877831512,-16.43669603169068,1.2737652067103589,-2.0864346970572982
1.4499347269713592,13.629019625979273,3.711341945856253,-16.43530906152692,1.255951890131021,-2.105109193028439
1.414546060593939,13.750780140326105,3.609090413916126,-16.449165118458463,1.232755695972187,-2.130604968172572
1.3667188659494025,13.880954183079536,3.5149442812143916,-16.47925646514796,1.2021321569013594,-2.1655306529523264
1.302018879763747,14.020592281470957,3.428863777551175,-16.526408211754582,1.1615265858655444,-2.213121677142974
1.2164400218905977,14.170442665700437,3.3508040049385417,-16.591083822310143,1.108728654068132,-2.2760856605615647
1.1115071223184256,14.329630006159972,3.280970943847115,-16.672492949181912,1.0449107901113566,-2.3525954051981217
1.0023693007795194,14.4934618763422,3.21982957039097,-16.76679234634915,0.9792324036559187,-2.430389967812114
0.9117358465409993,14.655166665835782,3.166865208410928,-16.867555180625423,0.9248819349508746,-2.492451127056442
0.8482018427660319,14.811448351046883,3.1198499917270093,-16.969748209925633,0.886467499338192,-2.5336633063358773
0.8070600150971587,14.962182687935151,3.0763837699638232,-17.07078592560045,0.8609707365712194,-2.5586860986398814
0.781695474176412,15.107923356275426,3.0347080858424222,-17.169252279331435,0.844449224292007,-2.572843576240102
0.7673121643725062,15.24906519245939,2.9935806454077456,-17.264120971239237,0.8340967152986865,-2.5797072783656785
0.7608744763328064,15.385785303978476,2.9520757524439625,-17.354517903014408,0.8281505012333951,-2.5814226814305474
0.7605205431028247,15.518123785040311,2.909468630051315,-17.43967355802066,0.8255304126303693,-2.579251564157502
0.7651241091087796,15.646056327192275,2.8651759569493382,-17.518923806109026,0.8255783903736306,-2.573925163382107
0.774026278921168,15.769542897143706,2.818725208323962,-17.59171991988901,0.827901127344723,-2.5658450501282926
0.7868772589752818,15.888558772067586,2.769738265833054,-17.65763843618913,0.832277800753696,-2.5551951129331827
0.803542129795594,16.00311444461389,2.717921750174703,-17.71638851659555,0.8386052606639267,-2.5420046126029185
0.8240425353122567,16.11326833702834,2.663059740983065,-17.767815512347948,0.8468641567681983,-2.5261846530481358
0.8485170887479867,16.219134177607664,2.6050061307306227,-17.811899245800337,0.8570961236160629,-2.507550964965817
0.8771886655765477,16.320883571280397,2.5436748932222026,-17.84874539648107,0.8693854632843184,-2.485841602711978
0.9103286304941625,16.418743594639967,2.4790275288748718,-17.87856871071116,0.8838400700114658,-2.4607369067793976
0.9482080094011575,16.512989033508653,2.4110580756573925,-17.901667641571237,0.9005665687445605,-2.431889642156865
0.9910254871125324,16.603929117166018,2.33977735441307,-17.918391495148676,0.9196347527094818,-2.398974352596313
1.0388050147712766,16.691889417685918,2.265199355713856,-17.929103278076713,0.9410279435363786,-2.36176439641356
1.0912667962108948,16.777191307744154,2.187333325914231,-17.93414425149824,0.9645812744828959,-2.32023862830906
1.147699195108241,16.860134148399258,2.106184105355273,-17.93380906753693,0.9899213127952187,-2.2747021022139493
1.2068911536966818,16.940987947450477,2.0217594586871632,-17.928340786783142,1.0164356535262995,-2.2258769133836065
1.267198920779531,17.020002893168655,1.9340772093586185,-17.917948853208383,1.0433076138520783,-2.1748982329754303
1.326777900968989,17.09743367162296,1.8431616092651888,-17.902839524768247,1.0696302324706455,-2.1231715297445852
1.3839110996410473,17.173565455530127,1.7490231070133178,-17.88323708479858,1.0945660474989343,-2.072122446373228
1.4372912398084798,17.248727037582363,1.6516262870716445,-17.85937909628505,1.1174835764004645,-2.022945876913717
1.4861459994540098,17.3232879844283,1.5508569435096153,-17.831487560804312,1.1380171773727232,-1.9764583319604545
1.5302011257770802,17.397648202655148,1.4464960147338026,-17.799731346857023,1.1560478215572103,-1.9330821875272348
1.569551934927275,17.47222966519169,1.3382011351964513,-17.764193781500598,1.171639056123653,-1.8929199718140355
1.6045187645500893,17.547474798601886,1.2254924357918506,-17.72485038872096,1.1849650935105063,-1.8558589957337062
1.635529077966864,17.623851343098906,1.107739060247537,-17.681555213731468,1.1962520804520784,-1.8216660618849718
1.663037367220135,17.70186144900944,0.9841451702017575,-17.63403274793133,1.205738156147583,-1.7900570597253445
1.6874773662572626,17.782051833963358,0.8537384842826101,-17.581874925634818,1.2136496548957887,-1.7607418963546553
1.7092362500893572,17.865019885967175,0.7153722971223232,-17.524548366688098,1.2201883499362198,-1.7334512499274075
1.7286412361302932,17.95140551280743,0.5677677654800973,-17.461427767362853,1.2255249647911732,-1.7079523632871494
1.7459514036411545,18.041847671794347,0.4096540654570392,-17.391891232541298,1.2297953623927114,-1.6840598321683398
1.7613505246886902,18.1368665372995,0.24011367137659886,-17.315544858267508,1.233097304778945,-1.6616452298761235
1.7749417022772227,18.23661912774014,0.05927618234800494,-17.232667010994394,1.2354881411629537,-1.6406453283305205
1.7867545890775232,18.340527505204957,-0.13063542586734844,-17.144876164997722,1.236988641082054,-1.6210598480234548
1.7967867322766453,18.447009112948464,-0.3245314781940968,-17.055632457673386,1.2376033701729485,-1.6029189959522803
1.8050818582632462,18.553824904090654,-0.5153684394592842,-16.96968538099466,1.2373588130687194,-1.5862151485314309
1.811781843138562,18.65912256031305,-0.6969829130976577,-16.891307027721066,1.2363284765852447,-1.5708520965638468
1.8170880942631793,18.762187165518935,-0.8661727726050451,-16.822973956832687,1.2346140761007791,-1.556673120267321
1.8211830421502408,18.86327823094176,-1.0223045243870341,-16.765588659062963,1.232307669359457,-1.5435290873069463
1.8241865852823118,18.963116098665278,-1.1659425341921126,-16.71932369332226,1.2294709204426755,-1.5313193186514311
1.8261495755811306,19.062532781661222,-1.2979032262895895,-16.684210727231186,1.2261323321507085,-1.519999910737919
1.8270600130752512,19.16232219526098,-1.418848481812692,-16.66039447438318,1.2222906192122402,-1.509579850158902
1.8268488567035366,19.26319068431051,-1.529162658653299,-16.648205261567924,1.217917911293633,-1.5001166908670123
1.8253922848855475,19.365741604039357,-1.6289406459619424,-16.648155025052937,1.2129612910634853,-1.491714950954732
1.822510934509666,19.470464834688833,-1.7180123121491102,-16.66090165293456,1.2073429516850098,-1.4845269978465612
1.8179678903887564,19.577720363996562,-1.7959766463129703,-16.68719735112951,1.2009598415237797,-1.4787549933332087
1.8114682137756892,19.687712555589076,-1.8622373335769415,-16.727826007422305,1.193684120220301,-1.474651525093325
1.8026645060734698,19.80045473475283,-1.9160373432989073,-16.783531958163078,1.1853665037662906,-1.472515037365742
1.7911758114155962,19.915724901828543,-1.9564912390160705,-16.854942961028456,1.1758457920443364,-1.4726737335325983
1.7766308582429988,20.03301370395955,-1.9826139824714308,-16.942490890042258,1.1649694087992346,-1.4754484632434894
1.7587491875280648,20.151466252298327,-1.9933462080268627,-17.046333360133993,1.1526306520861953,-1.481083021441068
1.737468908898671,20.269822365987952,-1.9875798158395188,-17.16627863696907,1.138825719224839,-1.4896346160327085
1.7131063385956544,20.386369379938063,-1.9641939278721936,-17.301718358179805,1.1237225285814247,-1.5008375637730407
1.6864841722004738,20.49893903548373,-1.9221141170247096,-17.45158383546763,1.1077117618526318,-1.5139945878588972
1.6589204243970435,20.6049923132331,-1.860394483376197,-17.61436278882627,1.0913926480156144,-1.5279868757670099
1.6320106045503484,20.70181316796401,-1.7782856803849911,-17.7882255030872,1.0754674612612245,-1.5414583799297579
1.607293948013795,20.786764814085057,-1.6752204501713428,-17.971280382613074,1.0605905441692536,-1.5530958748792687
1.586018119000647,20.857508499307073,-1.5506702236684624,-18.161914071391667,1.0472682158206021,-1.5618249638774604
1.5691278847827794,20.912106932603876,-1.4038881733608728,-18.359134987887316,1.0358605386415352,-1.5668196296849686
1.5574017975989722,20.94899967880334,-1.233582024344386,-18.562869641902655,1.0266467521582414,-1.5673898073158279
1.55156394497273,20.966878742578018,-1.037536965561534,-18.774217458150883,1.0198788404851264,-1.5628875695605347
1.5522468919772392,20.96450451549236,-0.8121926002014008,-18.99569664414737,1.015773459302983,-1.5527291430162653
1.559822724200097,20.94053180535057,-0.5522665074550202,-19.231460236343086,1.0144517963564976,-1.536515936880924
1.5742472925663535,20.893603983799103,-0.2510329234201852,-19.487139621527902,1.0158860201575206,-1.514138611738659
1.594897105019678,20.823777104821943,0.09605624128792395,-19.76766917595627,1.019841118976314,-1.4858957252354386
1.6197891598142098,20.73811519577516,0.4770697820492886,-20.068428848110212,1.0255615834441545,-1.4531919823364132
1.644359502363344,20.65814763367349,0.8444200979936003,-20.36292820073231,1.031252836486269,-1.4198211061687316
1.664586261341397,20.603501630426614,1.1564155422019016,-20.62795035561323,1.035286280678772,-1.3895548577800763
1.6803456427123946,20.574602845489974,1.4187775152847242,-20.86895390442588,1.0375694483898954,-1.3628693310777105
1.6925436398996707,20.567396196021548,1.6462185171049748,-21.096373871032373,1.0384305677855912,-1.3391726013873322
1.7017715315831665,20.57932025392072,1.8485260545617983,-21.31732441350128,1.0380772848294992,-1.3180519316238246
1.708260507784389,20.609081854617283,2.0316939992689718,-21.53639986231244,1.0365712205342574,-1.2993686346159599
1.7119642848941936,20.65603944407232,2.199509036831713,-21.756622643722306,1.0338563173202373,-1.2832054966015156
1.7126392603010894,20.719751808939105,2.354469772522053,-21.979912618548706,1.0297894444077171,-1.2698030531348428
1.7099748244604307,20.799623879874414,2.498325372573378,-22.2072871500194,1.0241978148213065,-1.259450576603474
1.7038585743698382,20.894597301965266,2.63245063465799,-22.438957593170546,1.0170037123179847,-1.2522681177464878
1.6947913380926496,21.00290141630195,2.7581626996627393,-22.674440761345632,1.0084247509284654,-1.2478726411991026
1.684180217852792,21.12197570222957,2.8769770390093523,-22.91277496563809,0.9991191054279613,-1.2451470977751133
1.674002222174929,21.24869951621646,2.990716695272598,-23.152856197604635,0.9900272983086358,-1.2425078599946286
1.665917663530992,21.379824001084906,3.1014445748296984,-23.39375386496997,0.981943350267719,-1.238596507655284
1.6607132457176061,21.512260520060284,3.211324873267631,-23.634811987431675,0.9752414341228812,-1.2327063715575044
1.6584291723837181,21.64309097227567,3.3224986202638505,-23.875517507429326,0.9699346192527546,-1.2246806111688422
1.6587202039612623,21.76945067792554,3.436961671163851,-24.115260777465238,0.965849659109575,-1.2146385346941069
1.661093560933575,21.88844622458007,3.5564385343735543,-24.35312225731542,0.9627437430778328,-1.2028042645040387
1.6649916246511545,21.99719258919472,3.6822858752557983,-24.58779468444177,0.960346476968152,-1.189459942607531
1.6697989663236088,22.0929901913852,3.8154645935477043,-24.81770358402713,0.958364619809736,-1.174959898249523
1.6748520462012515,22.173592300191686,3.956596770258881,-25.04130584876813,0.9564863146596743,-1.1597400452929914
1.6795053381885958,22.237452629888256,4.106092623694203,-25.25745712681724,0.9544100412002288,-1.144274135758396
1.6832557288514889,22.283839791976146,4.264312888126543,-25.465706502289752,0.9519002784340121,-1.1289723691020703
1.6858555342878327,22.31276829950519,4.431738809052696,-25.66643092549458,0.9488392534827249,-1.1140796091320015
1.6873296101746902,22.32477676765262,4.6091436990356955,-25.860816898407368,0.9452360375075682,-1.09964537776439
1.6878918764998097,22.320631584912604,4.797772209770279,-26.050763247025813,0.9411894922233588,-1.0855747540902891
1.687833944114944,22.301032978669827,4.999537575571166,-26.238792022073643,0.9368374589851021,-1.0717063406883822
1.6874504657697895,22.266365692321997,5.217254652012746,-26.428031700048066,0.9323221935833964,-1.0578674614487678
1.6870172149258427,22.21650390435581,5.454918271977342,-26.62229436471816,0.9277803739855797,-1.0438939403887042
1.686812268131297,22.150696095307605,5.717938293442378,-26.826182244043885,0.9233543163980523,-1.0296233842077607
1.6871741831051539,22.067714658021337,6.012808825208665,-27.04487663769693,0.9192230083461681,-1.014873114898865
1.688597128518988,21.967023803718405,6.344181213662348,-27.282310126286266,0.9156548827259345,-0.9994175852744173
1.6917966831233244,21.852775093755774,6.70447195701075,-27.534651924822555,0.9130488941654279,-0.9830183932364065
1.6974209985770168,21.73905707786334,7.060089253643975,-27.781819246695985,0.91178345344925,-0.965602703036893
1.7054218499369866,21.64053701698163,7.376184462952017,-28.003428081631984,0.9118575281220692,-0.9473418620815722
1.7154132401629227,21.5587335907884,7.651984684319692,-28.200534648254113,0.9130646699321393,-0.928312610922129
1.727269395814464,21.490093466828707,7.899037113134127,-28.38143677903307,0.9153320506960532,-0.908413837610655
1.7410818038702809,21.431774531535474,8.126599022664433,-28.5527279123728,0.9187065654212978,-0.8874727549737923
1.7570415163211215,21.382061195787806,8.340964296322817,-28.71908547089731,0.9232912112115274,-0.8652959083580523
1.7753591490824714,21.340010714805118,8.546547029022307,-28.884033415820078,0.9292003140503974,-0.8417019758899248
1.7961775952430128,21.305158342212753,8.746638447528774,-29.050418983458776,0.9365102995856848,-0.8165703108395772
1.8194489330806203,21.277271862319072,8.94382021156473,-29.220586936062297,0.945190326169901,-0.7899195252099119
1.8447850896254403,21.256057134903276,9.140139801178544,-29.396266887652228,0.9550181920494774,-0.7620064486992412
1.8713720393734743,21.240716358097778,9.337105862720458,-29.57814332242342,0.9655319389594946,-0.733380581247094
1.898129903378966,21.229355257344537,9.535572406013385,-29.765182919277645,0.9761195342823377,-0.7047633108022712
1.9242110750975971,21.21856674201376,9.735707008941604,-29.95423269123886,0.98629830619725,-0.6766862454300551
1.9495119748071874,21.203891472147415,9.937351793267391,-30.140852565649627,0.9960021966916844,-0.649127589565278
1.974690163163916,21.181279570637134,10.14075532506283,-30.321450729672726,1.0055920445249895,-0.6215195206534624
2.000780789197668,21.148294043320828,10.347092884752755,-30.49493240282185,1.015641339860923,-0.59304571570762
2.0289205441068683,21.10405195048385,10.558468191653876,-30.662622295671884,1.0267814041623837,-0.562840790197609
2.060342557984324,21.048421941493025,10.777737532445085,-30.827313109953494,1.039697542428209,-0.5299761054895819
2.096535739015049,20.981269747570128,11.008505397066926,-30.992542110494675,1.0552172689718031,-0.49332212775403167
2.139509204879808,20.901954543520947,11.255399785815156,-31.162392043823267,1.0744579565912529,-0.4513325979433073
2.192201765578447,20.80894070604792,11.52467662582393,-31.341735238461737,1.0990569198640934,-0.4017126385049471
2.25913569204625,20.699344564366566,11.825262337666366,-31.536860795695247,1.1315414599925677,-0.3408804878328133
2.3473389538109894,20.568344012222443,12.170241574222576,-31.756432944914206,1.1758589392565846,-0.2631754573541059
2.466520280096541,20.40919144807141,12.577037992721639,-32.011765485955735,1.2375179503251865,-0.1605468584073942
